symbol,timestamp,open,high,low,close,adjusted close,volume,dividend amount
A,2023-07-31,120.0200,130.0000,115.6550,121.7700,121.7700,38313231,0.0000
A,2023-06-30,116.9700,123.1750,114.1600,120.2500,120.2500,51249306,0.2250
A,2023-05-31,136.0200,137.1600,113.2801,115.6700,115.4540,46200248,0.0000
A,2023-04-28,137.4200,141.4800,128.1100,135.4300,135.1771,27776452,0.2250
A,2023-03-31,138.5800,145.4350,128.2200,138.3400,137.8566,38086236,0.0000
A,2023-02-28,153.3100,157.3100,138.7200,141.9700,141.4740,23987443,0.0000
A,2023-01-31,151.9600,159.5900,143.0100,152.0800,151.5486,25394910,0.0000
A,2022-12-30,156.7300,160.2650,145.8800,149.6500,149.1271,25282580,0.2250
A,2022-11-30,139.5000,157.4400,130.6600,154.9800,154.2066,30724422,0.0000
A,2022-10-31,122.7300,139.3100,121.6800,138.3500,137.6596,27011517,0.2100
A,2022-09-30,127.6300,140.0000,120.6000,121.5500,120.7428,31677201,0.0000
A,2022-08-31,133.5100,149.0000,127.1550,128.2500,127.3983,32008351,0.0000
A,2022-07-29,118.7900,134.5000,113.0200,134.1000,133.2095,27261533,0.2100
A,2022-06-30,127.8600,131.2000,112.5200,118.7700,117.7738,35110239,0.0000
A,2022-05-31,118.3800,130.7700,112.6400,127.5600,126.4901,45545913,0.0000
A,2022-04-29,134.1800,137.0800,117.2400,119.2700,118.2696,43886365,0.2100
A,2022-03-31,130.8300,140.1997,126.9000,132.3300,131.0160,46185679,0.0000
A,2022-02-28,140.5300,145.1000,123.0600,130.3600,129.0656,42302498,0.0000
A,2022-01-31,159.0000,159.4400,131.2150,139.3200,137.9366,39870604,0.2100
A,2021-12-31,151.1200,162.6200,147.7200,159.6500,157.8529,33692805,0.0000
A,2021-11-30,157.3800,165.6800,149.7000,150.9000,149.2014,34250114,0.0000
A,2021-10-29,157.1500,159.9200,146.3000,157.4900,155.7172,28862915,0.1940
A,2021-09-30,175.0400,179.5700,157.4600,157.5300,155.5587,29921444,0.0000
A,2021-08-31,154.0500,177.1900,152.5200,175.4700,173.2742,36990536,0.0000
A,2021-07-30,147.7700,153.6000,146.9500,153.2300,151.3125,38944526,0.1940
A,2021-06-30,139.1700,148.8422,135.5700,147.8100,145.7703,38564154,0.0000
A,2021-05-28,134.2900,139.2100,127.1300,138.1300,136.2239,28548640,0.0000
A,2021-04-30,128.0000,137.8271,127.0050,133.6400,131.7958,33182697,0.1940
A,2021-03-31,123.0500,128.4750,112.4700,127.1400,125.1987,39710391,0.0000
A,2021-02-26,120.6900,136.9800,120.1800,122.0700,120.2061,33066479,0.0000
A,2021-01-29,118.9400,129.3400,117.1100,120.1700,118.3351,33128020,0.1940
A,2020-12-31,117.5800,120.2400,113.1600,118.4900,116.4903,35517412,0.0000
A,2020-11-30,103.5200,118.9600,103.2900,116.9000,114.9271,41212244,0.0000
A,2020-10-30,101.7700,107.6200,99.8127,102.0900,100.3671,22028078,0.1800
A,2020-09-30,100.9200,103.6600,94.7600,100.9400,99.0635,27416454,0.0000
A,2020-08-31,96.9400,101.0400,94.5252,100.4200,98.5532,27152407,0.0000
A,2020-07-31,88.8900,98.0900,87.3000,96.3300,94.5392,32369040,0.0000
A,2020-06-30,88.0400,93.0400,83.7100,88.3700,86.7272,37391144,0.1800
A,2020-05-29,75.5500,88.4900,73.4200,88.1400,86.3235,47802660,0.0000
A,2020-04-30,69.4700,80.3500,68.1400,76.6600,75.0801,44079920,0.0000
A,2020-03-31,77.3100,85.0000,61.1300,71.6200,70.1440,70836854,0.1800
A,2020-02-28,83.2900,86.0800,74.1700,77.0700,75.2951,43627930,0.0000
A,2020-01-31,85.9000,90.6400,82.3400,82.5600,80.6587,38841271,0.0000
A,2019-12-31,80.7800,85.6800,79.1700,85.3100,83.3454,33026192,0.1800
A,2019-11-29,76.5100,81.3400,74.9400,80.7700,78.7430,34223892,0.0000
A,2019-10-31,76.5000,76.8900,71.7300,75.7500,73.8490,35085430,0.0000
A,2019-09-30,70.7000,78.7400,69.4800,76.6300,74.7069,52482880,0.1640
A,2019-08-30,69.6300,72.7700,65.3500,71.1100,69.1774,56357323,0.0000
A,2019-07-31,75.6000,76.9300,68.1000,69.4100,67.5236,60674464,0.1640
A,2019-06-28,67.0400,74.7000,66.4100,74.6700,72.4837,40936826,0.0000
A,2019-05-31,78.4900,79.5600,66.0300,67.0500,65.0868,77267032,0.0000
A,2019-04-30,80.9600,82.2400,73.7600,78.5000,76.2016,41866611,0.1640
A,2019-03-29,80.0000,82.2700,77.4000,80.3800,77.8700,32806711,0.0000
A,2019-02-28,76.1600,79.8400,74.7600,79.4400,76.9593,35942031,0.0000
A,2019-01-31,66.5000,76.3100,62.0000,76.0500,73.6752,44194263,0.0000
A,2018-12-31,73.3300,75.1100,62.2200,67.4600,65.3534,50474161,0.1640
A,2018-11-30,65.0700,72.6500,62.4000,72.3500,69.9169,62405317,0.0000
A,2018-10-31,70.6800,72.3700,61.0100,64.7900,62.6111,65097879,0.1490
A,2018-09-28,67.3400,71.4600,66.7600,70.5400,68.0255,35878290,0.0000
A,2018-08-31,65.8400,68.1500,64.2200,67.5400,65.1325,56331929,0.0000
A,2018-07-31,61.3600,66.8300,60.7900,66.0400,63.6859,37940784,0.1490
A,2018-06-29,62.4700,66.7500,60.4200,61.8400,59.4914,65099595,0.0000
A,2018-05-31,65.6300,70.4500,60.7000,61.9200,59.5684,73190276,0.0000
A,2018-04-30,66.6500,70.2900,63.3800,65.7400,63.2433,54414061,0.1490
A,2018-03-29,68.4700,71.5300,65.8100,66.9000,64.2108,46187495,0.0000
A,2018-02-28,73.1800,74.9900,65.0300,68.5900,65.8328,60200970,0.0000
A,2018-01-31,67.4200,75.0000,67.3400,73.4300,70.4783,36500580,0.0000
A,2017-12-29,69.1900,70.0000,65.6010,66.9700,64.2780,35125860,0.1490
A,2017-11-30,68.2000,70.9300,66.2500,69.2400,66.3092,40167741,0.0000
A,2017-10-31,64.2900,68.5200,64.2100,68.0300,65.1504,31006274,0.1320
A,2017-09-29,64.9000,66.4500,63.7200,64.2000,61.3577,27623240,0.0000
A,2017-08-31,60.0400,64.8300,58.2200,64.7200,61.8546,43037415,0.0000
A,2017-07-31,59.5900,61.8400,59.0700,59.7900,57.1429,32045730,0.0000
A,2017-06-30,60.0100,61.1500,57.9200,59.3100,56.6842,42688076,0.1320
A,2017-05-31,55.5000,60.8100,55.3600,60.3400,57.5394,50601404,0.0000
A,2017-04-28,52.9000,55.5050,52.2600,55.0500,52.4949,32209358,0.0000
A,2017-03-31,51.6200,54.8200,50.8600,52.8700,50.4161,40891129,0.1320
A,2017-02-28,48.9300,51.9400,48.4700,51.3000,48.7971,39154971,0.0000
A,2017-01-31,45.9300,49.4800,45.7400,48.9700,46.5808,45136618,0.0000
A,2016-12-30,44.0800,46.9200,42.9200,45.5600,43.3372,34087627,0.1320
A,2016-11-30,43.7300,47.8000,43.1400,43.9800,41.7136,53250890,0.0000
A,2016-10-31,46.8200,48.1500,43.1100,43.5700,41.3248,37265914,0.0000
A,2016-09-30,47.0300,47.3900,44.4700,47.0900,44.6634,38865627,0.1150
A,2016-08-31,48.1100,48.6300,46.0900,46.9800,44.4505,45189192,0.0000
A,2016-07-29,44.3600,48.1750,43.3600,48.1100,45.5196,34720042,0.0000
A,2016-06-30,45.7500,46.6800,41.9800,44.3600,41.9715,52014373,0.1150
A,2016-05-31,41.2000,46.0000,40.3900,45.8900,43.3069,53550377,0.0000
A,2016-04-29,39.5600,41.9950,39.1700,40.9200,38.6167,34715404,0.1150
A,2016-03-31,37.6300,40.5800,37.6100,39.8500,37.4999,37119011,0.0000
A,2016-02-29,37.3700,38.1900,34.1500,37.3500,35.1473,53438324,0.0000
A,2016-01-29,41.0600,41.1900,36.0100,37.6500,35.4296,50735187,0.0000
A,2015-12-31,42.1600,42.4800,39.9000,41.8100,39.3443,59253076,0.1150
A,2015-11-30,37.8700,42.2000,36.5000,41.8200,39.2458,74666218,0.0000
A,2015-10-30,34.3200,38.1000,33.1150,37.7600,35.4357,52998194,0.0000
A,2015-09-30,35.3700,36.9900,33.2450,34.3300,32.2168,47105942,0.1000
A,2015-08-31,40.9200,41.3500,33.5700,36.3100,33.9763,56298559,0.0000
A,2015-07-31,38.8900,41.1400,38.6100,40.9500,38.3181,54239332,0.0000
A,2015-06-30,41.4300,41.4300,38.4800,38.5800,36.1004,58978868,0.1000
A,2015-05-29,41.4100,42.9300,40.8200,41.1900,38.4466,44097732,0.0000
A,2015-04-30,41.4600,43.5900,40.7200,41.3700,38.6146,47259122,0.0000
A,2015-03-31,42.3400,42.7400,40.3703,41.5500,38.7826,44856425,0.1000
A,2015-02-27,37.9000,42.4900,37.7100,42.2100,39.3031,52417376,0.0000
A,2015-01-30,41.1800,41.3100,37.6800,37.7700,35.1688,53090623,0.1000
A,2014-12-31,42.6900,42.7300,38.0900,40.9400,38.0268,48802476,0.0000
A,2014-11-28,39.9000,42.9850,39.4900,42.7400,39.6987,56373340,15.7500
A,2014-10-31,56.8500,57.1600,49.8000,55.2800,37.0558,59673703,0.0000
A,2014-09-30,57.2300,59.4000,55.9200,56.9800,38.1953,36202868,0.1320
A,2014-08-29,55.7700,59.0600,54.1890,57.1600,38.2267,36928137,0.0000
A,2014-07-31,57.7400,58.5900,55.1350,56.0900,37.5111,39499700,0.0000
A,2014-06-30,56.9600,59.5800,56.3000,57.4400,38.4139,30333200,0.1320
A,2014-05-30,53.9400,57.3800,53.6600,56.9400,37.9923,45804900,0.0000
A,2014-04-30,56.2000,57.2400,51.9600,54.0400,36.0573,42226300,0.1320
A,2014-03-31,56.1200,59.3200,54.2200,55.9200,37.2233,51120300,0.0000
A,2014-02-28,58.1500,60.4600,54.8700,56.9300,37.8956,71462700,0.0000
A,2014-01-31,57.1000,61.2200,56.1500,58.1500,38.7077,52488700,0.0000
A,2013-12-31,53.4700,57.9400,52.5600,57.1900,38.0687,42414600,0.1320
A,2013-11-29,50.9200,55.7400,49.8400,53.5700,35.5769,52319200,0.0000
A,2013-10-31,50.7000,53.2400,49.3900,50.7600,33.7107,51500300,0.0000
A,2013-09-30,47.0400,53.4700,46.6150,51.2500,34.0361,65163900,0.1200
A,2013-08-30,45.5100,48.3300,45.3200,46.6400,30.9027,50116900,0.0000
A,2013-07-31,43.0500,46.9000,42.7200,44.7300,29.6372,52847800,0.0000
A,2013-06-28,45.6500,46.4500,41.8500,42.7600,28.3319,68549800,0.1200
A,2013-05-31,41.4200,47.4730,41.2360,45.4500,30.0300,93214000,0.0000
A,2013-04-30,41.8300,44.7850,40.3200,41.4400,27.3805,83061400,0.0000
A,2013-03-28,41.1800,43.5200,40.7300,41.9700,27.7307,61457102,0.1200
A,2013-02-28,45.0800,45.6600,40.1900,41.4800,27.3288,73615000,0.0000
A,2013-01-31,42.1700,45.5500,41.1500,44.7800,29.5029,68616100,0.0000
A,2012-12-31,38.6000,41.7400,37.6900,40.9400,26.9730,68282700,0.1000
A,2012-11-30,36.0400,38.5800,35.4500,38.2900,25.1651,82243400,0.0000
A,2012-10-31,38.5000,39.6400,35.3800,35.9900,23.6535,72293700,0.0000
A,2012-09-28,36.9700,40.1400,36.6200,38.4500,25.2703,75092900,0.1000
A,2012-08-31,38.7300,40.9650,36.5500,37.1600,24.3591,79969800,0.0000
A,2012-07-31,39.5300,39.8400,35.3200,38.2900,25.0999,50158600,0.0000
A,2012-06-29,39.2000,41.4500,36.9610,39.2400,25.7226,63993500,0.1000
A,2012-05-31,42.0300,43.2700,38.4400,40.6600,26.5857,77397300,0.0000
A,2012-04-30,44.5100,45.1500,39.1500,42.1800,27.5795,58527700,0.0000
A,2012-03-30,43.7400,46.2800,41.8900,44.5100,29.1030,61472900,0.1000
A,2012-02-29,43.0800,45.3500,41.7600,43.6200,28.4572,59955100,0.0000
A,2012-01-31,35.8400,44.8500,35.5900,42.4700,27.7069,72532700,0.0000
A,2011-12-30,37.3000,38.5800,32.5100,34.9300,22.7879,58593500,0.0000
A,2011-11-30,35.2400,39.3900,33.2150,37.5000,24.4645,87117500,0.0000
A,2011-10-31,30.9000,41.0500,28.6700,37.0700,24.1840,122237200,0.0000
A,2011-09-30,36.8000,37.4100,30.7300,31.2500,20.3871,115780900,0.0000
A,2011-08-31,42.6200,42.7800,30.2200,36.8700,24.0535,161036800,0.0000
A,2011-07-29,51.2300,52.6200,41.2900,42.1600,27.5047,82633000,0.0000
A,2011-06-30,49.7900,51.9900,46.3800,51.1100,33.3435,77248700,0.0000
A,2011-05-31,50.2500,55.3300,48.1300,49.8700,32.5346,79257900,0.0000
A,2011-04-29,44.8800,50.6800,44.2600,49.9100,32.5607,64072700,0.0000
A,2011-03-31,41.9800,46.8100,40.3600,44.7800,29.2139,99249600,0.0000
A,2011-02-28,42.0700,45.4150,39.9400,42.0800,27.4525,80894800,0.0000
A,2011-01-31,41.5600,44.4500,40.8800,41.8300,27.2894,64333300,0.0000
A,2010-12-31,35.6500,42.0800,35.6100,41.4300,27.0284,74448800,0.0000
A,2010-11-30,34.9400,37.5500,34.3800,35.0200,22.8466,63843000,0.0000
A,2010-10-29,33.6900,35.3300,32.2900,34.8000,22.7031,65063300,0.0000
A,2010-09-30,27.4500,33.5400,27.4300,33.3700,21.7702,68056800,0.0000
A,2010-08-31,28.3500,29.8700,26.6800,26.9700,17.5949,75721100,0.0000
A,2010-07-30,28.5000,29.7300,26.7400,27.9300,18.2212,82491000,0.0000
A,2010-06-30,32.0900,33.3700,28.3200,28.4300,18.5474,72778000,0.0000
A,2010-05-28,36.5000,36.8900,29.9700,32.3600,21.1113,89200600,0.0000
A,2010-04-30,34.5400,37.4300,33.5494,36.2600,23.6556,76023600,0.0000
A,2010-03-31,31.4300,34.7500,31.4300,34.3900,22.4356,85947100,0.0000
A,2010-02-26,28.1600,31.5200,28.1300,31.4600,20.5241,77441600,0.0000
A,2010-01-29,31.3900,31.6300,27.9200,28.0300,18.2864,57197100,0.0000
A,2009-12-31,29.1000,31.7700,28.9800,31.0700,20.2697,54793500,0.0000
A,2009-11-30,24.7400,29.7092,24.6900,28.9200,18.8671,54959300,0.0000
A,2009-10-30,26.6300,27.7500,24.6100,24.7400,16.1401,68288900,0.0000
A,2009-09-30,25.5100,29.3800,24.9600,27.8300,18.1560,87127600,0.0000
A,2009-08-31,23.6100,26.0500,23.1400,25.6800,16.7533,82995000,0.0000
A,2009-07-31,20.3700,23.8900,18.5000,23.2200,15.1484,74581300,0.0000
A,2009-06-30,18.4400,20.5600,18.1700,20.3100,13.2500,70640400,0.0000
A,2009-05-29,18.2100,19.4200,17.2600,18.2300,11.8930,56733000,0.0000
A,2009-04-30,15.1200,18.9400,15.0200,18.2600,11.9126,72704400,0.0000
A,2009-03-31,13.6000,17.1800,12.0200,15.3700,10.0272,87628800,0.0000
A,2009-02-27,17.7900,19.6900,13.8000,13.8700,9.0486,85762200,0.0000
A,2009-01-30,15.6000,20.0400,15.5100,18.0800,11.7952,102681300,0.0000
A,2008-12-31,18.4200,18.4200,14.7600,15.6300,10.1968,124345500,0.0000
A,2008-11-28,22.1300,25.0700,15.7800,18.8300,12.2845,58283400,0.0000
A,2008-10-31,29.1800,29.9200,18.7500,22.1900,14.4765,78802800,0.0000
A,2008-09-30,35.0900,35.7000,28.6400,29.6600,19.3498,64919700,0.0000
A,2008-08-29,36.1400,37.2500,34.2300,34.7600,22.6770,41695300,0.0000
A,2008-07-31,35.0400,36.9200,34.4000,36.0600,23.5251,57988700,0.0000
A,2008-06-30,36.9300,38.0000,35.3500,35.5400,23.1859,60364600,0.0000
A,2008-05-30,30.2000,37.5000,29.8900,37.3900,24.3928,62460500,0.0000
A,2008-04-30,29.9100,31.9900,28.7900,30.2100,19.7086,48312600,0.0000
A,2008-03-31,30.6700,31.2900,28.8800,29.8300,19.4607,53015100,0.0000
A,2008-02-29,34.0000,34.8600,30.4800,30.6100,19.9696,81940600,0.0000
A,2008-01-31,36.6700,37.8300,31.2600,33.8600,22.0898,74045700,0.0000
A,2007-12-31,37.4800,38.2400,34.9800,36.7400,23.9687,39541300,0.0000
A,2007-11-30,36.6700,38.1400,32.8700,37.8300,24.6798,52180500,0.0000
A,2007-10-31,36.9700,39.3200,35.4400,36.8500,24.0405,38861500,0.0000
A,2007-09-28,36.5900,37.5300,35.7600,36.8800,24.0601,35722800,0.0000
A,2007-08-31,38.0500,39.0000,31.1500,36.4000,23.7469,76099800,0.0000
A,2007-07-31,38.7000,40.4200,37.2600,38.1500,24.8886,49540900,0.0000
A,2007-06-29,38.2300,39.4400,36.9400,38.4400,25.0778,42340800,0.0000
A,2007-05-31,34.4800,38.9700,34.4000,38.1700,24.9016,69771200,0.0000
A,2007-04-30,33.6300,35.8000,33.4900,34.3700,22.4226,55277400,0.0000
A,2007-03-30,31.1500,33.9600,30.2600,33.6900,21.9789,62035800,0.0000
A,2007-02-28,32.1700,34.1500,31.2400,31.7500,20.7133,62754100,0.0000
A,2007-01-31,34.9900,35.4800,31.8700,32.0000,20.8764,46089400,0.0000
A,2006-12-29,31.9700,35.6900,31.6800,34.8500,22.7357,47362600,0.0000
A,2006-11-30,33.5500,35.1500,31.7100,31.8400,20.7720,74111700,0.0000
A,2006-10-31,32.5000,35.8100,32.0500,35.6000,23.2250,50905200,0.0000
A,2006-09-29,32.1600,33.4020,30.3100,32.6900,21.3266,55598300,0.0000
A,2006-08-31,28.3200,32.3300,26.9600,32.1600,20.9808,53617800,0.0000
A,2006-07-31,31.7400,32.0000,27.4700,28.4400,18.5539,60429800,0.0000
A,2006-06-30,34.7000,35.6100,29.8400,31.5600,20.5894,71029800,0.0000
A,2006-05-31,38.5500,39.4500,33.4800,34.8900,22.7618,67262100,0.0000
A,2006-04-28,37.9000,39.5400,36.1100,38.4200,25.0647,42379500,0.0000
A,2006-03-31,36.1000,38.1400,35.7500,37.5500,24.4972,59893400,0.0000
A,2006-02-28,33.8000,36.7400,33.5200,36.0000,23.4860,59461700,0.0000
A,2006-01-31,33.4000,35.2500,32.8151,33.9100,22.1225,54075600,0.0000
A,2005-12-30,35.6600,36.1000,33.0900,33.2900,21.7180,107817900,0.0000
A,2005-11-30,32.0100,35.8100,31.9000,35.6600,23.2641,76404500,0.0000
A,2005-10-31,32.8300,33.3000,29.9700,32.0100,20.8829,59232500,0.0000
A,2005-09-30,31.9100,34.4500,31.8800,32.7500,21.3657,78593100,0.0000
A,2005-08-31,26.2300,32.2200,25.1800,32.1600,20.9808,95651200,0.0000
A,2005-07-29,23.2000,26.6300,23.1300,26.2400,17.1187,40613300,0.0000
A,2005-06-30,24.0100,25.0500,22.9500,23.0200,15.0180,38431800,0.0000
A,2005-05-31,20.7500,24.1500,20.7200,24.0100,15.6638,48276200,0.0000
A,2005-04-29,22.4000,22.5300,20.1100,20.7500,13.5370,54565900,0.0000
A,2005-03-31,24.0500,24.9900,21.7600,22.2000,14.4830,55682900,0.0000
A,2005-02-28,22.0100,24.5300,21.8500,24.0000,15.6573,51309100,0.0000
A,2005-01-31,24.1000,24.1800,21.4300,22.1100,14.4243,50620400,0.0000
A,2004-12-31,23.0300,24.8000,21.1800,24.1000,15.7225,39154600,0.0000
A,2004-11-30,24.9500,25.9000,21.9000,22.8900,14.9332,66364700,0.0000
A,2004-10-29,21.7000,25.3068,21.6300,25.0600,16.3488,60545900,0.0000
A,2004-09-30,20.4300,23.6000,20.1400,21.5700,14.0720,52931700,0.0000
A,2004-08-31,23.8200,24.1600,19.5100,20.5000,13.3739,66425500,0.0000
A,2004-07-30,29.1200,29.1500,22.6300,23.8100,15.5334,58943900,0.0000
A,2004-06-30,25.4500,29.6800,25.0500,29.2800,19.1019,64034900,0.0000
A,2004-05-28,27.0500,27.6900,23.8000,25.7000,16.7664,78831400,0.0000
A,2004-04-30,31.6300,32.7000,26.9100,27.0100,17.6210,50198500,0.0000
A,2004-03-31,34.1400,35.0000,28.8000,31.6300,20.6350,76035300,0.0000
A,2004-02-27,36.9500,37.6200,33.2000,34.1900,22.3051,62356700,0.0000
A,2004-01-30,29.2500,38.8000,28.7800,36.8600,24.0470,93438300,0.0000
A,2003-12-31,28.4400,29.4200,26.2920,29.2400,19.0758,48360400,0.0000
A,2003-11-28,24.9900,29.3500,24.9700,28.2800,18.4495,51873400,0.0000
A,2003-10-31,22.1500,25.3100,21.8400,24.9200,16.2575,41759900,0.0000
A,2003-09-30,24.4000,26.4800,22.1000,22.1100,14.4243,52277200,0.0000
A,2003-08-29,21.7300,25.3000,20.3100,24.3200,15.8661,41007600,0.0000
A,2003-07-31,19.4600,22.6400,19.3000,21.7300,14.1764,54591500,0.0000
A,2003-06-30,19.0000,19.9500,16.6000,19.5500,12.7542,46371200,0.0000
A,2003-05-30,16.0200,18.3300,15.4800,18.1300,11.8278,48586500,0.0000
A,2003-04-30,13.1800,16.4000,13.1500,16.0200,10.4513,37917700,0.0000
A,2003-03-31,13.4000,15.0000,12.1100,13.1500,8.5789,40406300,0.0000
A,2003-02-28,16.4800,16.8200,11.3000,13.2000,8.6115,73242000,0.0000
A,2003-01-31,18.2200,20.3000,15.8200,16.4800,10.7513,48482800,0.0000
A,2002-12-31,19.7500,20.1500,16.3500,17.9600,11.7169,43079000,0.0000
A,2002-11-29,13.6600,19.6500,13.1900,19.4100,12.6628,59182800,0.0000
A,2002-10-31,13.2500,14.2200,10.5000,13.7500,8.9703,65266900,0.0000
A,2002-09-30,13.3300,16.0800,12.3500,13.0600,8.5202,61847200,0.0000
A,2002-08-30,18.5200,18.8800,13.3300,13.4300,8.7616,60147200,0.0000
A,2002-07-31,23.4500,24.4700,16.0000,18.8800,12.3171,59923400,0.0000
A,2002-06-28,26.4900,26.5500,22.4000,23.6500,15.4290,49672400,0.0000
A,2002-05-31,30.0000,31.2500,25.4500,26.3700,17.2035,51988100,0.0000
A,2002-04-30,36.8000,36.9500,29.3900,30.0500,19.6043,63938500,0.0000
A,2002-03-28,31.4500,38.0000,31.4000,34.9600,22.8075,61726800,0.0000
A,2002-02-28,30.2200,32.0900,24.8300,31.1500,20.3219,44620200,0.0000
A,2002-01-31,28.5100,33.3000,26.9200,30.3500,19.8000,45625000,0.0000
A,2001-12-31,27.7000,30.8700,26.9000,28.5100,18.5996,48822900,0.0000
A,2001-11-30,22.1200,27.5900,22.0600,27.2700,17.7906,73904000,0.0000
A,2001-10-31,19.1500,24.7900,18.7200,22.2700,14.5287,38725900,0.0000
A,2001-09-28,26.3500,26.9500,18.0000,19.5500,12.7542,33454000,0.0000
A,2001-08-31,29.5000,32.7000,24.3000,26.5000,17.2883,38683600,0.0000
A,2001-07-31,32.5000,33.5000,26.2000,28.6100,18.6648,34680900,0.0000
A,2001-06-29,34.5000,36.4500,27.2500,32.5000,21.2026,46586800,0.0000
A,2001-05-31,37.9000,41.1800,32.2500,33.5400,21.8811,47883700,0.0000
A,2001-04-30,32.2500,41.0000,25.0000,39.0100,25.4496,46792200,0.0000
A,2001-03-30,35.9000,42.3800,29.6000,30.7300,20.0479,63259500,0.0000
A,2001-02-28,53.4000,55.0000,35.5500,36.0000,23.4860,58088200,0.0000
A,2001-01-31,53.8800,68.0000,47.5600,54.5500,35.5878,56503600,0.0000
A,2000-12-29,52.9400,59.8800,49.8800,54.7500,35.7182,50547300,0.0000
A,2000-11-30,46.0000,54.0000,38.0600,52.1900,34.0481,59800600,0.0000
A,2000-10-31,49.1300,58.6300,39.2500,46.3100,30.2121,67459500,0.0000
A,2000-09-29,60.6900,62.6900,44.3800,48.9400,31.9279,44178100,0.0000
A,2000-08-31,40.6900,64.0000,38.1900,61.0000,39.7957,91389000,0.0000
A,2000-07-31,74.0000,80.9400,39.5000,40.7500,26.5848,115131400,0.0000
A,2000-06-30,74.4400,83.7500,62.0000,73.7500,48.1136,128321200,0.0000
A,2000-05-31,88.6300,104.1000,54.0000,73.6300,48.0353,77277100,0.0000
A,2000-04-28,103.0000,125.0000,73.0600,88.6300,57.8211,32950700,0.0000
A,2000-03-31,104.5000,162.0000,90.0000,104.0000,67.8483,41258700,0.0000
A,2000-02-29,66.2500,115.4000,66.2500,103.9000,67.7831,23560800,0.0000
A,2000-01-31,78.7500,78.9400,58.1300,66.1900,43.1815,32103600,0.0000
A,1999-12-31,42.1900,80.0000,41.0000,77.3100,50.4361,47860100,0.0000
AA,2023-08-30,35.4800,35.6600,27.7600,29.5100,29.5100,116721019,0.1000
AA,2023-07-31,34.5000,37.1700,31.8300,36.1900,36.0841,119825107,0.0000
AA,2023-06-30,32.0000,37.7400,31.5201,33.9300,33.8307,102521931,0.0000
AA,2023-05-31,37.6600,38.2000,31.1400,31.7200,31.6271,83339721,0.1000
AA,2023-04-28,42.5600,42.9500,35.0200,37.1400,36.9314,91788197,0.0000
AA,2023-03-31,51.2900,55.7400,38.5100,42.5600,42.3210,130002646,0.1000
AA,2023-02-28,52.1000,55.4000,45.2700,48.9400,48.5747,90307983,0.0000
AA,2023-01-31,45.7700,57.6090,44.1400,52.2400,51.8501,107250774,0.0000
AA,2022-12-30,50.0400,51.2500,41.8200,45.4700,45.1306,85279789,0.0000
AA,2022-11-30,40.7700,50.7599,36.5119,50.1300,49.7558,127536829,0.0000
AA,2022-10-31,34.3500,43.0800,34.0000,39.0300,38.7387,191304727,0.1000
AA,2022-09-30,47.6950,53.7900,33.5500,33.6600,33.3234,166629068,0.0000
AA,2022-08-31,49.8800,58.2350,47.2000,49.4800,48.9852,113953936,0.1000
AA,2022-07-29,44.8850,51.0150,39.5650,50.8900,50.2777,127034824,0.0000
AA,2022-06-30,61.1350,65.8989,44.2700,45.5800,45.0316,132889418,0.0000
AA,2022-05-31,67.0000,68.1700,53.3400,61.7200,60.9774,156731444,0.1000
AA,2022-04-29,91.6900,93.5800,62.4600,67.8000,66.8733,142115092,0.0000
AA,2022-03-31,77.8900,98.0900,69.9300,90.0300,88.7995,202557200,0.1000
AA,2022-02-28,57.9900,80.5799,56.7300,75.3400,74.2234,156760501,0.0000
AA,2022-01-31,60.2400,64.3700,53.2600,56.7100,55.8695,149124338,0.0000
AA,2021-12-31,47.8900,61.5900,43.2600,59.5800,58.6969,194243527,0.0000
AA,2021-11-30,46.2200,52.8600,45.2100,46.5300,45.8404,164909239,0.0000
AA,2021-10-29,49.4600,57.5700,45.3800,45.9500,45.2690,187972457,0.1000
AA,2021-09-30,43.7100,52.4500,42.4500,48.9400,48.1111,170456725,0.0000
AA,2021-08-31,40.2200,45.7905,36.6085,44.3700,43.6185,152301719,0.0000
AA,2021-07-30,37.4000,40.6600,30.9950,40.1500,39.4699,171600767,0.0000
AA,2021-06-30,40.2000,41.1550,31.9000,36.8400,36.2160,174015841,0.0000
AA,2021-05-28,37.1800,44.4200,34.9400,39.6700,38.9981,140196472,0.0000
AA,2021-04-30,32.2000,38.0700,30.0250,36.6400,36.0194,136855144,0.0000
AA,2021-03-31,25.6700,34.2900,25.4000,32.4900,31.9397,170326991,0.0000
AA,2021-02-26,18.4900,27.8000,17.7800,24.5500,24.1342,122203002,0.0000
AA,2021-01-29,23.6200,26.2000,17.3000,18.0000,17.6951,124151429,0.0000
AA,2020-12-31,20.4800,24.1700,20.4600,23.0500,22.6596,113969003,0.0000
AA,2020-11-30,13.1000,21.1900,12.8600,19.9000,19.5629,110670335,0.0000
AA,2020-10-30,11.6900,14.1400,10.9800,12.9200,12.7012,129374543,0.0000
AA,2020-09-30,14.6400,15.1800,11.3000,11.6300,11.4330,106250952,0.0000
AA,2020-08-31,13.0800,16.0700,12.9200,14.6200,14.3724,104729380,0.0000
AA,2020-07-31,11.1800,13.8600,10.4310,13.0000,12.7798,167631860,0.0000
AA,2020-06-30,9.2100,13.8600,9.1500,11.2400,11.0496,205898757,0.0000
AA,2020-05-29,7.8600,10.6700,6.3800,9.2100,9.0540,184894364,0.0000
AA,2020-04-30,5.9600,8.8950,5.7100,8.1500,8.0120,220872069,0.0000
AA,2020-03-31,14.0200,14.0400,5.1600,6.1600,6.0557,216816551,0.0000
AA,2020-02-28,14.0100,16.8000,12.8300,13.8700,13.6351,109195565,0.0000
AA,2020-01-31,21.8600,21.8600,13.6200,13.9500,13.7137,149996038,0.0000
AA,2019-12-31,20.4700,21.9200,19.5200,21.5100,21.1457,75338384,0.0000
AA,2019-11-29,21.0300,23.4650,20.0000,20.3500,20.0053,68003409,0.0000
AA,2019-10-31,20.1900,21.7700,18.1860,20.7900,20.4379,105999601,0.0000
AA,2019-09-30,17.6300,23.3250,17.0900,20.0700,19.7301,74780779,0.0000
AA,2019-08-30,22.2700,22.4500,16.4600,17.9300,17.6263,76294068,0.0000
AA,2019-07-31,23.6700,24.6300,21.1600,22.4900,22.1091,78333064,0.0000
AA,2019-06-28,21.0500,23.4200,20.8200,23.4100,23.0135,65424797,0.0000
AA,2019-05-31,26.7000,27.1000,21.0200,21.1900,20.8311,71860501,0.0000
AA,2019-04-30,28.6800,29.7300,25.7100,26.6800,26.2281,79710835,0.0000
AA,2019-03-29,29.6800,30.2000,26.5100,28.1600,27.6830,63693077,0.0000
AA,2019-02-28,29.7000,31.4500,26.5100,29.5000,29.0003,71367266,0.0000
AA,2019-01-31,25.9550,30.2800,25.4800,29.6800,29.1773,99769199,0.0000
AA,2018-12-31,32.9000,33.4690,25.0100,26.5800,26.1298,60167956,0.0000
AA,2018-11-30,35.4400,37.9400,30.9420,31.8100,31.2712,70884889,0.0000
AA,2018-10-31,40.7500,45.4500,33.0800,34.9900,34.3973,114310585,0.0000
AA,2018-09-28,43.8800,44.0000,39.5800,40.4000,39.7157,75514058,0.0000
AA,2018-08-31,43.0100,45.6500,40.6900,44.6700,43.9134,79803846,0.0000
AA,2018-07-31,46.4600,48.8700,40.0300,43.2700,42.5371,91057345,0.0000
AA,2018-06-29,48.3900,50.5900,43.3500,46.8800,46.0860,60581517,0.0000
AA,2018-05-31,51.0400,55.3800,46.8200,48.0700,47.2558,73505908,0.0000
AA,2018-04-30,44.8600,62.3500,43.8000,51.2000,50.3328,123262782,0.0000
AA,2018-03-29,45.9300,49.8500,43.6860,44.9600,44.1985,68115057,0.0000
AA,2018-02-28,51.4100,52.5000,44.1500,44.9700,44.2083,74754638,0.0000
AA,2018-01-31,54.0600,57.5000,51.2500,52.0200,51.1389,101849007,0.0000
AA,2017-12-29,41.8200,54.6100,40.2700,53.8700,52.9576,80011350,0.0000
AA,2017-11-30,48.9100,49.2700,40.2200,41.5100,40.8069,84254592,0.0000
AA,2017-10-31,46.4300,50.3100,46.0100,47.7800,46.9707,82527188,0.0000
AA,2017-09-29,44.2100,47.9500,42.2400,46.6200,45.8304,84638899,0.0000
AA,2017-08-31,36.4600,44.1000,35.9100,43.8800,43.1368,80352273,0.0000
AA,2017-07-31,32.9400,37.6100,32.9150,36.4000,35.7835,71971100,0.0000
AA,2017-06-30,32.8400,34.0000,29.5500,32.6500,32.0970,77022130,0.0000
AA,2017-05-31,33.9500,34.3300,30.4200,32.9400,32.3821,82468845,0.0000
AA,2017-04-28,34.6200,37.2000,30.4500,33.7300,33.1587,105695975,0.0000
AA,2017-03-31,35.9300,38.1700,31.2900,34.4000,33.8173,98520140,0.0000
AA,2017-02-28,36.5800,39.7800,33.3500,34.5900,34.0041,88427040,0.0000
AA,2017-01-31,28.6000,38.9400,28.1700,36.4500,35.8326,93220919,0.0000
AA,2016-12-30,28.8400,32.3500,28.0100,28.0800,27.6044,80272270,0.0000
AA,2016-11-30,22.1000,32.1900,21.7800,28.9700,28.4793,150645975,0.0900
AAA,2023-08-30,24.5905,24.8800,24.5905,24.8700,24.8700,59752,0.1357
AAA,2023-07-31,24.5700,25.0900,24.5400,24.7800,24.6443,22579,0.1242
AAA,2023-06-30,24.4410,24.6900,24.4410,24.6600,24.4015,15559,0.1309
AAA,2023-05-31,24.5500,24.6000,24.4900,24.5800,24.1930,7547,0.1213
AAA,2023-04-28,24.3800,24.6500,24.3800,24.6150,24.1081,11793,0.0000
AAA,2023-03-31,24.5200,24.6000,24.3750,24.4650,23.9612,7085,0.2344
AAA,2023-02-28,24.5150,24.7290,24.5050,24.6200,23.8839,8930,0.1125
AAA,2023-01-31,24.3650,24.6100,24.3650,24.6100,23.7651,9396,0.0000
AAA,2022-12-30,24.2850,24.4700,24.2850,24.3700,23.5334,13065,0.2089
AAA,2022-11-30,24.1050,24.3800,24.0803,24.3800,23.3421,18006,0.0896
AAA,2022-10-31,24.0750,24.2700,24.0300,24.1850,23.0697,27295,0.0726
AAA,2022-09-30,24.3600,24.4100,24.1808,24.2050,23.0193,2115,0.0785
AAA,2022-08-31,24.2500,24.4600,24.2500,24.4100,23.1397,3881,0.0570
AAA,2022-07-29,24.2900,24.3350,24.2000,24.3000,22.9814,101797,0.0390
AAA,2022-06-30,24.4250,24.5300,24.1900,24.3000,22.9446,13338,0.0420
AAA,2022-05-31,24.7600,24.7600,24.4300,24.4650,23.0607,38632,0.0290
AAA,2022-04-29,24.7700,24.9100,24.6000,24.8250,23.3727,42466,0.0230
AAA,2022-03-31,24.9771,24.9800,24.7750,24.8253,23.3513,24782,0.0210
AAA,2022-02-28,24.9900,25.0300,24.8801,24.8900,23.3925,48124,0.0164
AAA,2022-01-31,25.0000,25.0100,24.9700,25.0100,23.4898,56029,0.0000
AAA,2021-12-31,25.0000,25.0600,24.9800,25.0200,23.4992,184951,0.0397
AAA,2021-11-30,24.9900,25.0600,24.9800,25.0400,23.4807,45320,0.0210
AAA,2021-10-29,25.0000,25.0200,24.9900,25.0000,23.4235,23352,0.0210
AAA,2021-09-30,24.9907,25.0300,24.9900,25.0100,23.4132,7381,0.0000
AAA,2021-08-31,25.0000,25.0300,24.9901,25.0050,23.4085,8051,0.0430
AAA,2021-07-30,24.9950,25.0299,24.9800,25.0250,23.3870,15009,0.0240
AAA,2021-06-30,25.0000,25.0400,24.9700,25.0250,23.3646,26444,0.0240
AAA,2021-05-28,25.0050,25.2000,24.9100,25.0050,23.3235,69580,0.0270
AAA,2021-04-30,25.0400,25.1250,25.0200,25.0400,23.3310,26131,0.0000
AAA,2021-03-31,25.0500,25.1000,25.0400,25.0400,23.3310,67369,0.0435
AAA,2021-02-26,25.1399,25.4000,24.8400,25.0700,23.3184,25663,0.0220
AAA,2021-01-29,25.0650,25.1700,25.0650,25.1450,23.3677,30105,0.0000
AAA,2020-12-31,25.0390,25.0900,25.0200,25.0700,23.2980,27325,0.0452
AAA,2020-11-30,24.9000,25.0500,24.8700,25.0500,23.2375,64117,0.0225
AAA,2020-10-30,24.9300,24.9620,24.8800,24.9500,23.1238,119891,0.0130
AAAU,2023-08-31,19.3100,19.3500,18.6800,19.2250,19.2250,26381196,0.0000
AAAU,2023-07-31,19.0700,19.6700,18.8600,19.4650,19.4650,18619797,0.0000
AAAU,2023-06-30,19.5150,19.6600,18.7699,19.0350,19.0350,28988590,0.0000
AAAU,2023-05-31,19.8600,20.4300,19.2200,19.4650,19.4650,25871595,0.0000
AAAU,2023-04-28,19.6200,20.3200,19.5500,19.7300,19.7300,49440082,0.0000
AAAU,2023-03-31,18.2400,19.8700,17.9800,19.5497,19.5497,42622392,0.0000
AAAU,2023-02-28,19.1700,19.3900,17.9400,18.1200,18.1200,33329821,0.0000
AAAU,2023-01-31,18.2700,19.3200,18.1100,19.1300,19.1300,11269262,0.0000
AAAU,2022-12-30,17.8500,18.1900,17.5250,18.0900,18.0900,13314038,0.0000
AAAU,2022-11-30,16.3900,17.7204,16.0550,17.5600,17.5600,41210112,0.0000
AAAU,2022-10-31,16.5600,17.1600,16.1250,16.1950,16.1950,8851277,0.0000
AAAU,2022-09-30,16.8500,17.2203,16.0950,16.4950,16.4950,35198408,0.0000
AAAU,2022-08-31,17.5800,17.8901,16.9700,16.9700,16.9700,44192036,0.0000
AAAU,2022-07-29,17.8000,17.9650,16.8400,17.4900,17.4900,20664482,0.0000
AAAU,2022-06-30,18.3300,18.6350,17.9200,17.9400,17.9400,26516548,0.0000
AAAU,2022-05-31,18.5000,18.9200,17.8999,18.2350,18.2350,37897507,0.0000
AAAU,2022-04-29,19.1300,19.8101,18.6899,18.8350,18.8350,21618371,0.0000
AAAU,2022-03-31,19.0700,20.5700,18.8200,19.2300,19.2300,31308041,0.0000
AAAU,2022-02-28,17.9300,19.4400,17.7799,18.9900,18.9900,9345580,0.0000
AAAU,2022-01-31,17.9700,18.4199,17.7100,17.8850,17.8850,19066582,0.0000
AAAU,2021-12-31,17.7400,18.1900,17.4500,18.1800,18.1800,3652683,0.0000
AAAU,2021-11-30,17.8000,18.5750,17.4900,17.6100,17.6100,5742017,0.0000
AAAU,2021-10-29,17.4800,18.0200,17.3900,17.7300,17.7300,3962184,0.0000
AAAU,2021-09-30,18.0600,18.2333,17.1250,17.4600,17.4600,5282823,0.0000
AAAU,2021-08-31,18.0100,18.2200,17.0878,18.0600,18.0600,5965299,0.0000
AAAU,2021-07-30,17.7100,18.2300,17.6000,18.0600,18.0600,6328340,0.0000
AAAU,2021-06-30,18.9900,19.0000,17.4400,17.6000,17.6000,8129783,0.0000
AAAU,2021-05-28,17.8000,18.9800,17.6300,18.9450,18.9450,7881864,0.0000
AAAU,2021-04-30,17.1600,17.8900,17.1400,17.6000,17.6000,9491953,0.0000
AAAU,2021-03-31,17.3000,17.4350,16.6900,16.9900,16.9900,12797543,0.0000
AAAU,2021-02-26,18.5800,18.6100,17.1000,17.1900,17.1900,14252505,0.0000
AAAU,2021-01-29,19.3300,19.4400,18.1600,18.3500,18.3500,17895419,0.0000
AAAU,2020-12-31,18.0200,18.9400,17.9741,18.9400,18.9400,8388046,0.0000
AAAU,2020-11-30,18.8400,19.4790,17.6200,17.6900,17.6900,14113169,0.0000
AAAU,2020-10-30,18.9700,19.2400,18.5500,18.7100,18.7100,10764657,0.0000
AAAU,2020-09-30,19.8500,19.8500,18.4500,18.8000,18.8000,15710092,0.0000
AAAU,2020-08-31,19.6400,20.6250,19.0099,19.6100,19.6100,13519535,0.0000
AAAU,2020-07-31,17.7300,19.7450,17.5400,19.6900,19.6900,10497435,0.0000
AAAU,2020-06-30,17.3000,17.8000,16.6650,17.7800,17.7800,6455363,0.0000
AAAU,2020-05-29,16.7200,17.5300,16.7200,17.2700,17.2700,7324839,0.0000
AAAU,2020-04-30,15.7400,17.4300,15.6800,16.8400,16.8400,6988257,0.0000
AAAU,2020-03-31,15.9000,16.8500,14.4900,15.7200,15.7200,6647100,0.0000
AAAU,2020-02-28,15.7400,16.8000,15.4600,15.7300,15.7300,2214617,0.0000
AAAU,2020-01-31,15.2400,15.8500,15.2000,15.8300,15.8300,1565635,0.0000
AAAU,2019-12-31,14.5500,15.2100,14.5500,15.1500,15.1500,1354746,0.0000
AAAU,2019-11-29,15.0700,15.1300,14.4250,14.6050,14.6050,973898,0.0000
AAAU,2019-10-31,14.6100,15.1577,14.5901,15.0800,15.0800,2526119,0.0000
AAAU,2019-09-30,15.3500,15.5343,14.6208,14.7192,14.7192,2000003,0.0000
AAAU,2019-08-30,14.0300,15.9153,14.0200,15.2100,15.2100,1996716,0.0000
AAAU,2019-07-31,13.8000,14.4600,13.7500,14.1009,14.1009,992968,0.0000
AAAU,2019-06-28,13.1300,14.3372,12.8169,14.1000,14.1000,1509527,0.0000
AAAU,2019-05-31,12.8100,13.0500,12.6570,13.0450,13.0450,644808,0.0000
AAAU,2019-04-30,12.9600,13.0768,12.6700,12.8250,12.8250,316386,0.0000
AAAU,2019-03-29,13.0500,13.2266,12.8101,12.9100,12.9100,350532,0.0000
AAAU,2019-02-28,13.2100,13.4500,13.0300,13.1200,13.1200,316550,0.0000
AAAU,2019-01-31,12.8700,13.2400,12.7600,13.1850,13.1850,1411657,0.0000
AAAU,2018-12-31,12.3200,14.8500,12.2900,12.8200,12.8200,1575076,0.0000
AAAU,2018-11-30,12.3000,12.3600,11.9900,12.2100,12.2100,582301,0.0000
AAAU,2018-10-31,11.8786,12.4200,11.8300,12.1700,12.1700,1426104,0.0000
AAAU,2018-09-28,11.9100,12.1200,11.8300,11.9200,11.9200,4217805,0.0000
AAC,2023-08-31,10.6500,10.7000,10.6100,10.6900,10.6900,886809,0.0000
AAC,2023-07-31,10.5600,10.6500,10.5400,10.6500,10.6500,4382238,0.0000
AAC,2023-06-30,10.5000,10.5800,10.4800,10.5700,10.5700,14935751,0.0000
AAC,2023-05-31,10.3500,10.5000,10.3500,10.5000,10.5000,5619797,0.0000
AAC,2023-04-28,10.3200,10.3900,10.3200,10.3500,10.3500,3307155,0.0000
AAC,2023-03-31,10.2300,10.3500,10.2000,10.3200,10.3200,4404590,0.0000
AAC,2023-02-28,10.1900,10.2300,10.1518,10.2300,10.2300,5224063,0.0000
AAC,2023-01-31,10.0700,10.1800,10.0700,10.1600,10.1600,22525842,0.0000
AAC,2022-12-30,10.0200,10.1000,10.0200,10.0700,10.0700,28507528,0.0000
AAC,2022-11-30,9.9700,10.0300,9.9600,10.0200,10.0200,3582207,0.0000
AAC,2022-10-31,9.9300,9.9800,9.9250,9.9700,9.9700,3949524,0.0000
AAC,2022-09-30,9.8900,9.9500,9.8900,9.9300,9.9300,10159810,0.0000
AAC,2022-08-31,9.8700,9.9150,9.8600,9.9100,9.9100,7477839,0.0000
AAC,2022-07-29,9.8400,9.8800,9.8200,9.8700,9.8700,10219351,0.0000
AAC,2022-06-30,9.8100,9.8500,9.8050,9.8300,9.8300,4514494,0.0000
AAC,2022-05-31,9.8300,9.8700,9.7800,9.8100,9.8100,9919593,0.0000
AAC,2022-04-29,9.8200,9.8700,9.7900,9.8200,9.8200,4057285,0.0000
AAC,2022-03-31,9.7600,9.8200,9.7400,9.8100,9.8100,8106460,0.0000
AAC,2022-02-28,9.7100,9.7700,9.7000,9.7500,9.7500,4180960,0.0000
AAC,2022-01-31,9.7500,9.7900,9.7000,9.7200,9.7200,7822455,0.0000
AAC,2021-12-31,9.7800,9.8200,9.7300,9.7400,9.7400,4396948,0.0000
AAC,2021-11-30,9.8400,9.8600,9.7800,9.7900,9.7900,7072534,0.0000
AAC,2021-10-29,9.7400,9.8500,9.7400,9.8400,9.8400,5664555,0.0000
AAC,2021-09-30,9.7100,9.7900,9.6900,9.7400,9.7400,10818193,0.0000
AAC,2021-08-31,9.7800,9.7900,9.6600,9.7100,9.7100,3217798,0.0000
AAC,2021-07-30,9.7500,9.8400,9.7300,9.7800,9.7800,1699386,0.0000
AAC,2021-06-30,9.7700,9.8700,9.7200,9.7500,9.7500,8516023,0.0000
AAC,2021-05-28,9.8700,9.8950,9.7500,9.7700,9.7700,7890238,0.0000
AAC,2021-04-30,9.9800,10.0000,9.7400,9.8300,9.8300,4322945,0.0000
AAC-U,2023-08-31,10.8450,10.9000,10.7999,10.8200,10.8200,9295,0.0000
AAC-U,2023-07-31,10.7100,10.8450,10.6500,10.8450,10.8450,19699,0.0000
AAC-U,2023-06-30,10.5900,10.7000,10.5900,10.7000,10.7000,34782,0.0000
AAC-U,2023-05-31,10.5000,10.6500,10.5000,10.5900,10.5900,18177,0.0000
AAC-U,2023-04-28,10.4900,10.5300,10.4900,10.5000,10.5000,22789,0.0000
AAC-U,2023-03-31,10.2300,10.5800,10.2300,10.4900,10.4900,11703,0.0000
AAC-U,2023-02-28,10.2000,10.5807,10.2000,10.4170,10.4170,22705,0.0000
AAC-U,2023-01-31,10.1500,10.3000,10.1500,10.3000,10.3000,169447,0.0000
AAC-U,2022-12-30,10.0300,10.3100,10.0200,10.1700,10.1700,1287448,0.0000
AAC-U,2022-11-30,9.9700,10.0300,9.9700,10.0300,10.0300,113694,0.0000
AAC-U,2022-10-31,9.9200,9.9815,9.9200,9.9700,9.9700,536769,0.0000
AAC-U,2022-09-30,9.9202,9.9750,9.9000,9.9500,9.9500,152253,0.0000
AAC-U,2022-08-31,9.8700,9.9300,9.8600,9.9300,9.9300,203815,0.0000
AAC-U,2022-07-29,9.8700,9.9200,9.8200,9.8800,9.8800,143680,0.0000
AAC-U,2022-06-30,9.8400,9.8801,9.8100,9.8600,9.8600,151050,0.0000
AAC-U,2022-05-31,9.8900,9.9200,9.8000,9.8350,9.8350,591341,0.0000
AAC-U,2022-04-29,9.8500,9.9700,9.8000,9.9000,9.9000,222678,0.0000
AAC-U,2022-03-31,9.8350,9.8950,9.8000,9.8950,9.8950,926134,0.0000
AAC-U,2022-02-28,9.8300,9.8800,9.8000,9.8500,9.8500,170920,0.0000
AAC-U,2022-01-31,9.9700,9.9800,9.8000,9.8300,9.8300,673482,0.0000
AAC-U,2021-12-31,9.9900,10.0017,9.8400,9.9300,9.9300,518027,0.0000
AAC-U,2021-11-30,10.0500,10.1100,9.9900,10.0000,10.0000,983627,0.0000
AAC-U,2021-10-29,9.9500,10.1000,9.8700,10.0500,10.0500,2314706,0.0000
AAC-U,2021-09-30,9.8600,9.9500,9.8400,9.9002,9.9002,349678,0.0000
AAC-U,2021-08-31,9.9600,10.0250,9.8100,9.8673,9.8673,5122549,0.0000
AAC-U,2021-07-30,10.0000,10.0900,9.9590,10.0500,10.0500,1186015,0.0000
AAC-U,2021-06-30,9.9901,10.1200,9.9500,10.0000,10.0000,2577751,0.0000
AAC-U,2021-05-28,10.0500,10.0800,9.9300,10.0200,10.0200,2565817,0.0000
AAC-U,2021-04-30,10.0200,10.1500,9.9200,10.0600,10.0600,4315828,0.0000
AAC-U,2021-03-31,10.4000,10.4500,9.7400,10.0000,10.0000,16543119,0.0000